{
  "CelestialBodies": [

    {
      "Name": "Mercury",
      "SemiMajorAxis": 0.38709927,
      "SemiMajorAxisCentury": 0.00000037,
      "Eccentricity": 0.20563593,
      "EccentricityCentury": 0.00001906,
      "Inclination": 7.00497902,
      "InclinationCentury": -0.00594749,
      "MeanLongitude": 252.25032350,
      "MeanLongitudeCentury": 149472.67411175,
      "LonPerihelion": 77.45779628,
      "LonPerihelionCentury": 0.16047689,
      "LonAscendingNode": 48.33076593,
      "LonAscendingNodeCentury": -0.12534081
    },
    {
      "Name": "Venus",
      "SemiMajorAxis": 0.72333566,
      "SemiMajorAxisCentury": 0.00000390,
      "Eccentricity": 0.00677672,
      "EccentricityCentury": -0.00004107,
      "Inclination": 3.39467605,
      "InclinationCentury": -0.00078890,
      "MeanLongitude": 181.97909950,
      "MeanLongitudeCentury": 58517.81538729,
      "LonPerihelion": 131.60246718,
      "LonPerihelionCentury": 0.00268329,
      "LonAscendingNode": 76.67984255,
      "LonAscendingNodeCentury": -0.27769418
    }
  ]
}